customer_id,name,email,phone,signup_date
1,Duane Pearson,julieguerra@gmail.com,(819)400-1129,2023-11-20
2,John Sharp,sgross@turner.biz,(370)704-3737x51435,2023-06-10
3,Heather Baker,edwinnichols@turner.com,9749091261,2025-01-01
4,Justin Wood,stephensmiranda@hotmail.com,004-896-5608x4695,2023-07-29
5,Linda Edwards,xrosario@yahoo.com,(123)400-1522x90401,2023-12-11
6,Jeffrey Watkins,andrewhernandez@gmail.com,220.943.4220x824,2022-10-13
7,Kimberly Ward,hclark@hotmail.com,001-372-307-3571x361,2024-07-21
8,David Jimenez,juliebooth@yahoo.com,(585)355-9951,2023-10-06
9,Wayne Wright,john72@young-rollins.net,860-641-4425x0969,2023-03-29
10,Jonathan Lyons,nguyenmichael@rice.biz,958.454.5052,2024-12-26
11,David Williams,gjenkins@gmail.com,+1-856-835-0518x344,2022-07-20
12,Jack Green,martinezjoshua@hotmail.com,033-693-6834x02110,2023-07-26
13,Paul Stone,xjohnson@gmail.com,930-966-6349x1660,2024-01-05
14,Katherine Richmond,michael43@key-trujillo.com,931-210-8110,2023-05-06
15,Kaitlin Mcfarland,valentinejoy@guzman.org,001-687-066-6884x331,2024-04-07
16,Kyle Lewis,tracykramer@reese.com,(439)346-9898x473,2024-08-12
17,Danielle Stewart,xthompson@holmes.com,+1-584-962-0032x30201,2025-01-03
18,Matthew Moyer,brucetravis@hotmail.com,(555)505-1817x614,2023-02-06
19,Jason Phillips,wsimpson@smith.com,080-026-4913,2023-10-16
20,Karen Kirk,xadams@gmail.com,531.779.1053x7256,2023-11-20
21,Steven Crawford,melaniepayne@hotmail.com,900-002-4201,2022-12-26
22,James Johnson,nathanielperkins@yahoo.com,+1-744-112-8484,2023-03-02
23,William Thompson,kayla21@hotmail.com,+1-404-789-1367x161,2025-02-07
24,William Malone,patrickyoung@watts.com,455-097-3330,2024-12-27
25,Karen Walker,maureen98@brady-crawford.com,+1-734-446-3464x749,2024-04-07
26,Latoya Wright,joneskimberly@monroe.com,+1-815-958-8123x6886,2024-01-21
27,Matthew Werner,joelwatson@wright.com,001-225-494-5703x176,2024-09-28
28,Amy Whitaker,mariaramirez@atkinson.com,141.423.7574x54517,2023-05-30
29,Cheryl Jones,mary76@yahoo.com,815.916.6551x728,2024-01-26
30,Billy Robinson,castillochristopher@pruitt-moore.com,+1-294-531-9651x64418,2025-03-28
31,Gavin Foley,jessica80@alvarado.info,001-961-990-9798x96591,2023-05-21
32,Justin Porter,cookrebekah@hotmail.com,001-167-165-6709,2024-08-29
33,Jessica Burnett,simonandrea@gmail.com,852.857.9401,2023-11-09
34,Donna Lyons,rosskristen@hotmail.com,118-811-6787x34808,2023-10-14
35,David Woodard,qbrooks@gmail.com,001-695-402-3134x268,2023-04-05
36,Peggy Reyes,odavis@hotmail.com,+1-957-001-6845x1224,2025-02-06
37,Carrie Stone,bradleymedina@yahoo.com,001-760-409-6262x9225,2024-11-02
38,Michelle Harris,davidsmith@hotmail.com,+1-532-727-2066,2024-05-23
39,Donald Perkins,sharon73@allen.com,450.883.0682x9481,2024-04-20
40,Amber Hahn,thernandez@gmail.com,919.163.7980x047,2023-01-17
41,Michael Schmidt,bethhart@smith-hoffman.info,015.242.4431x0299,2023-05-07
42,Anna Woodard,qdelgado@gmail.com,9254270983,2022-11-18
43,Kayla Martinez,kimberlylopez@garcia-morrow.net,+1-305-450-8275x9868,2023-12-28
44,Mrs. Toni Ramirez DDS,qrios@hotmail.com,(232)864-2504,2024-02-27
45,Joel Huynh,dillon58@hotmail.com,066-124-5011x6012,2025-02-17
46,Samuel Wilson,vazquezbrian@white-garcia.org,(926)216-8472x0206,2023-04-02
47,Eric Trujillo,jonathan29@burgess-kaiser.com,+1-568-642-9617x24727,2025-04-17
48,Joseph Peters,hamiltonbrandon@yahoo.com,(203)744-5719x9167,2023-04-10
49,Charles Sims,stephaniegarcia@gmail.com,813.664.9290x703,2024-08-16
50,Sarah Carter,jeffersonjeffrey@yahoo.com,(470)649-2225,2025-05-18
51,Robert Davis,leonjoshua@hotmail.com,001-952-414-3456x466,2023-05-08
52,Angela Mason,jessicawilliams@allen.com,+1-997-949-7567x5646,2025-03-25
53,James Walls,robinsonjacqueline@gmail.com,(940)324-2216x4532,2025-04-24
54,Zachary Vazquez,torrescody@campbell.com,900-581-9836x51469,2022-09-01
55,Maxwell Herrera,ngutierrez@ellis.info,+1-341-080-7509,2023-11-01
56,Timothy Lewis,rebecca51@gmail.com,(402)942-2085x95031,2023-01-15
57,Melissa Davis,autumn59@gmail.com,197-166-5536x018,2022-10-16
58,John Smith,lambertedward@harris-gonzalez.com,491-792-1651x4811,2022-11-05
59,Shannon Merritt,yclements@gmail.com,737-021-5384,2023-11-29
60,Damon Nguyen,mwalker@hotmail.com,213-124-3466,2025-05-21
61,Ronald Rodriguez,fdudley@perez-hill.com,6014612058,2023-08-05
62,Diana Villa,christinecoleman@gmail.com,7481335333,2024-03-30
63,Denise Pitts,masonemily@yahoo.com,+1-565-825-5483x86861,2023-01-08
64,Zachary Peterson,nielsenadam@gmail.com,9072948563,2024-01-25
65,Jeremy Davis,sgoodman@sanders.com,701-121-4359x3939,2023-07-12
66,Jeremy Jackson,macknicole@paul-malone.biz,4028744770,2024-01-22
67,Blake Allen,christinechapman@gmail.com,423-506-8843x939,2023-05-16
68,Rose Salinas,myersdustin@yahoo.com,823.919.2947,2025-05-23
69,Melissa Ruiz,linda60@gmail.com,+1-186-865-9279x94812,2024-12-31
70,Elizabeth Maddox,stevenmartinez@hotmail.com,001-591-199-4136x4477,2023-02-08
71,Barbara Shaw,bradley14@yahoo.com,001-082-319-6172x58828,2023-07-10
72,Suzanne Jackson,fowlerwilliam@gmail.com,559-128-9951x217,2023-09-22
73,Margaret Parker,susan36@yahoo.com,837-047-0237,2022-12-12
74,Carla Johnson,oconnorderrick@good.net,397-951-9624,2024-01-06
75,Andre Cox,jessecannon@hotmail.com,998-855-2292,2025-01-08
76,Richard White,ann55@yahoo.com,(205)487-2912,2024-12-22
77,Melissa Vega,pallen@yahoo.com,+1-370-632-3001x71955,2024-06-13
78,Chelsea Larson,longrobert@gmail.com,(674)863-7470x303,2024-03-07
79,Tyler Black,pauldixon@becker.net,053-188-6585x228,2024-08-10
80,Jeanette Martinez,anelson@smith.com,5882870351,2024-06-13
81,Kevin Powers,matthew09@yahoo.com,6440712534,2024-03-14
82,Frederick Mathis,marygreen@gmail.com,(782)015-8113,2022-07-20
83,Valerie Shannon,danieltate@hotmail.com,+1-515-223-4508x960,2025-05-06
84,Karen Jones,xhodge@reyes-mcdonald.net,6060506405,2022-10-30
85,Daryl Arnold,careyjulie@hotmail.com,407-904-3893x5317,2023-03-26
86,Sharon Hamilton,eric41@gmail.com,414.812.6892,2024-01-22
87,Michael Murphy,nallen@santos.net,606-945-6847x09319,2024-01-07
88,Maxwell Patterson MD,brookeking@cardenas-petty.org,930-784-5784x490,2023-02-20
89,Cynthia Castillo,johnskristen@hotmail.com,(502)860-1183x7691,2022-07-23
90,Rachel Woodard,thomasbrown@williams.com,444.453.2567x21195,2022-09-29
91,Angelica Carroll,richardvillanueva@hotmail.com,+1-216-551-4620x0088,2024-09-23
92,Marissa Sellers,julie14@gmail.com,722.285.5693x149,2023-05-29
93,Joshua Jones,dharris@hensley-mcmahon.com,001-903-777-3110,2023-02-23
94,Emma Cochran,michele93@gmail.com,851-514-9400x74672,2023-05-23
95,Patricia Hess,warrenwilliam@sherman.com,605.955.8704x253,2025-05-14
96,John Watkins,iespinoza@yahoo.com,966-070-2873x723,2024-10-05
97,Jesus Daugherty,vphelps@white-cruz.biz,273.428.9042x68544,2024-02-06
98,Lydia Soto,sharon99@gmail.com,(191)330-4421,2024-06-16
99,Whitney Evans,wking@hotmail.com,4462404416,2023-05-05
100,Nathaniel Moran,megan70@gmail.com,3379047421,2022-12-27
101,Amanda Lara,brooksemily@hotmail.com,8569028917,2022-08-23
102,Katie Smith,edward07@young-nixon.net,001-772-269-6673x495,2024-08-23
103,Rachel Beltran,jennifer08@kramer-morris.com,001-146-516-7921,2023-01-12
104,Nathan Friedman,richardwebb@hotmail.com,(709)683-7201x64854,2024-05-22
105,Daniel Wade,jclark@perez.com,+1-362-569-1539x30581,2024-09-18
106,Mr. Thomas Smith DVM,johnsonbryce@yahoo.com,+1-195-816-1893x29865,2023-03-30
107,Wendy Ayala MD,trananna@cox.info,361-251-4261x8912,2023-09-30
108,Robert Moore,bauerkristy@allen.com,0603289795,2024-05-20
109,Patrick Murray,dawn08@hotmail.com,520-725-9403x7649,2023-09-11
110,Cheryl Young,jessica52@lowery.org,001-422-851-4136x325,2023-10-06
111,Jessica Rodriguez,sarahlewis@patterson-roman.com,113-723-6790,2024-08-06
112,Trevor Landry,jodyhernandez@gmail.com,189-098-3087,2024-11-28
113,Stacey Clark,zacharybanks@mccoy.net,(020)828-9681x81433,2023-10-10
114,Maria Cowan,traceywright@yahoo.com,805.887.7968x07687,2024-11-03
115,Douglas Barnes,sarahdouglas@hotmail.com,648.409.2702x90754,2023-01-15
116,Tanya House,davissteven@hotmail.com,001-836-391-5965,2024-08-03
117,Michael Le,brian34@jefferson.com,679.326.3345,2025-04-29
118,Jonathon Jones,tina96@yahoo.com,446-658-4908,2025-05-16
119,Tammy Bell,webbpatrick@scott.com,(359)606-5855,2023-02-28
120,Philip Harrington,larsonkevin@gmail.com,(048)848-6181x74575,2024-04-19
121,Troy Reynolds,rgeorge@reid.org,+1-730-365-9077x46743,2023-04-03
122,Aaron Mann,floresmatthew@gmail.com,333-431-7274,2025-01-25
123,Melissa Davis,juliesmith@gmail.com,(101)585-2632x3107,2025-05-30
124,Kelly Mccarthy,swells@hotmail.com,620-542-0118x6682,2024-06-02
125,Darrell Turner,campbellsamuel@gonzales.com,271.513.1948x28827,2024-03-09
126,Debra Pope,chall@hotmail.com,886-835-4737,2023-08-21
127,Brian Flowers,shanebentley@hotmail.com,931.980.7123x367,2024-08-08
128,Charles Rodriguez,sharon23@yahoo.com,997.704.1458,2024-09-09
129,Angela Foster,johnelliott@ross.net,755.484.0042x109,2024-11-16
130,Mr. Joseph Stevens,sheltonrichard@sloan-bonilla.info,001-399-278-3607,2024-11-23
131,Amanda Horn,lisaporter@hotmail.com,001-833-810-1362,2023-08-13
132,Patrick Miller,jennifermann@yahoo.com,001-674-456-3225x05467,2024-08-23
133,Sandra Roberts,belinda47@white-johnson.net,001-234-371-4243,2025-04-19
134,Kayla Mccormick,lcline@nelson.com,9696573853,2025-02-02
135,Ryan Rodriguez,washingtonchristopher@robles-frazier.com,602-224-7032x13378,2022-06-30
136,Joshua Smith,valerie29@gmail.com,+1-555-079-3200,2025-05-09
137,Kerri Barrett,erin91@gmail.com,6108557041,2024-11-19
138,David Pacheco,tiffany51@gmail.com,222.413.2950x10232,2023-04-02
139,Brooke Bonilla,ashleywalsh@house.com,142.735.0221x49161,2022-08-24
140,Angela Morrow,feliciamaynard@gmail.com,978-428-1435x19419,2024-11-07
141,Larry Medina,brussell@rodriguez.com,543-167-0141,2022-06-05
142,Tonya Craig,russellelizabeth@farley-holland.com,+1-098-327-3652x9397,2022-12-24
143,Mark Warner,nicholas67@moran.com,(794)401-3059,2024-05-03
144,Robert Wright,kelsey97@ellis.com,(868)878-6192x0228,2025-05-28
145,Andrew Smith,pattersonpeter@hotmail.com,+1-450-156-2258x48190,2024-02-26
146,Gary Newman,sdunn@daugherty-peterson.biz,971-729-1269x8153,2023-05-16
147,Zachary Perez,andrewwalsh@yahoo.com,+1-788-331-0208x520,2025-02-26
148,David Mendez,jonathanwilliams@aguirre.com,974-395-0444,2025-06-02
149,Ms. Stacy Taylor,joshua54@miller.com,949.442.2832x995,2025-04-05
150,Judy Marks,mclements@figueroa-smith.com,+1-550-947-8641x638,2024-10-10
151,Katie Hull,jennifer92@garcia-garcia.net,001-462-311-6655,2024-01-31
152,Mark Parrish,donovankenneth@hess.com,564-075-5694,2022-10-24
153,James Luna,matthewfriedman@gmail.com,001-839-625-7741x616,2023-12-21
154,James Stewart,zcollins@gmail.com,655.861.7110,2024-03-21
155,Jennifer Duncan,juanrichards@hickman-perez.com,692.851.5628,2023-04-20
156,Ms. Diane West MD,jeffreywright@hotmail.com,1078676053,2023-08-17
157,Frances Harris,zchambers@alvarado.net,+1-061-846-4876x0857,2024-02-01
158,Robert Johnson,donnakeith@gmail.com,+1-662-271-9217,2023-05-17
159,Paul Rogers,mbryant@gmail.com,(072)772-3657x6147,2025-05-23
160,Harold Pham,butleranthony@gmail.com,(612)349-4572,2023-07-23
161,Linda Miller,amanda26@gmail.com,810-995-7818x3380,2024-07-05
162,Connie Allen MD,amontes@yahoo.com,308.519.8386,2022-09-01
163,James White,ffigueroa@gmail.com,3089758638,2025-05-15
164,Alyssa Green,connor61@yahoo.com,(130)635-4853x9610,2023-08-29
165,Rachel Robertson,megan74@aguilar.net,001-402-493-8713x899,2023-01-11
166,Michael Morgan,gina58@hotmail.com,001-905-730-1995x26145,2025-04-24
167,Joseph Greer,bcoleman@gmail.com,5128163799,2024-04-10
168,Brandon Murray,victoriacastro@foster-soto.biz,001-570-015-0343,2022-12-06
169,Jessica Lynch MD,plopez@yahoo.com,357.120.5749,2022-12-21
170,Colleen Nichols,hgordon@hayes.net,024.564.5310x769,2025-05-29
171,Allen Cannon,dunnryan@yahoo.com,359-345-7161x563,2023-06-20
172,Jason Rosario,anthonygina@jones.com,672.684.7308,2022-10-16
173,William Gonzalez,jennynelson@williams.net,001-958-042-4851x1688,2023-05-16
174,Angel Brown,cynthiasimpson@yahoo.com,733.466.7668x29300,2024-07-01
175,Adrian Lester,broberts@yahoo.com,850.882.5704,2023-07-21
176,Nicole Norman,angelarichardson@hotmail.com,+1-742-109-4380,2023-11-27
177,Melissa Gibson,adamwilson@yahoo.com,8075393985,2024-01-08
178,Phillip Henderson,hensleyjanet@mendoza.net,965.489.4338,2025-03-02
179,Suzanne Richardson DVM,johnathantyler@hotmail.com,678-047-8054,2023-06-27
180,Carlos Jackson,betty48@hansen.com,001-218-931-0587,2024-01-29
181,Jennifer Guzman,rjones@gmail.com,(571)417-8741x0566,2023-04-01
182,Jennifer Thompson,crobinson@gmail.com,001-578-653-5786x66736,2022-07-17
183,Charles Davis,marc61@hobbs-olson.org,441.851.9968x32762,2024-09-09
184,Amy Thomas,xrodriguez@barnes.org,047.327.2243x75811,2024-03-26
185,Kenneth Ellison,gordonchad@yahoo.com,+1-777-163-1593x80962,2025-03-10
186,Julie Potter,stoneaudrey@martin.com,2608358897,2023-08-16
187,Christy Brewer,kimberly84@boone.org,001-549-287-6756x75386,2024-02-29
188,Angela Montes,emilyvelasquez@newton.info,326.408.1944,2023-08-23
189,Tonya Tate,meyerdonald@hall-bishop.com,001-215-786-4482,2024-10-26
190,Angela Jackson,emilydixon@gmail.com,1906246521,2025-02-04
191,Beth Hernandez,johnnyrobinson@yahoo.com,(920)665-4566,2024-07-12
192,Colton Maddox,jonesbrent@yahoo.com,001-575-388-2578x437,2022-10-26
193,Karen Townsend,swilliamson@gmail.com,001-781-887-5815x891,2024-09-01
194,Jessica Young,dholmes@wong.com,(621)000-4719x406,2025-03-18
195,Jeffrey Morgan,leesean@oneal.com,639-102-7423x7837,2025-03-07
196,Steven Rodriguez,fsmith@gmail.com,(056)292-6692x3620,2022-10-27
197,Crystal Thomas MD,jperez@hotmail.com,001-862-811-8031,2024-12-03
198,Joseph Rivera,leemichael@hotmail.com,(637)478-8824,2023-10-31
199,Stephanie Franklin,cummingsjason@gmail.com,232.882.3927x5413,2024-09-04
200,Jaime Flores,roblesmatthew@yahoo.com,553.241.3690x7024,2024-11-27
201,Autumn Craig,ehancock@stevens.com,001-360-045-4579x4275,2023-05-27
202,Jesse Martin,james24@yahoo.com,971-226-9514x369,2023-02-10
203,Amber Riley,jennifer85@boyer.com,(970)895-3897,2022-07-08
204,Mary Johnson,kadams@whitaker-hawkins.com,(376)924-6105x99318,2022-07-09
205,Eric Washington,murphylaura@hotmail.com,159-490-6035x62706,2022-09-29
206,Ivan Brown,ndrake@cox.com,740.898.8479x753,2022-09-28
207,Michelle Cox,sheryl16@yahoo.com,398.288.3670,2022-08-05
208,Darlene Garcia,kaylamcdaniel@hotmail.com,571.988.7230x7557,2024-10-04
209,Matthew Gray,pauljames@gmail.com,9322064620,2024-03-17
210,Katherine Jensen,ldeleon@torres.com,296.380.2649x28031,2023-11-24
211,Steve Jackson,dawn81@hotmail.com,729.257.8363x681,2022-12-18
212,Gabriel Robinson,ronaldwilliams@hotmail.com,812-307-3888,2025-03-21
213,Roger Soto,taylorconnie@hampton.com,(101)074-5205,2025-06-01
214,Kevin Ray,gwilson@dixon.com,150-412-2501,2022-11-27
215,Susan Bryant,hintonhunter@yahoo.com,3909738079,2024-12-05
216,Larry Allen,johnsonmitchell@martinez-james.net,175.610.9583x48359,2022-09-13
217,Julie Liu,kevindillon@hotmail.com,+1-052-334-7509x178,2023-03-31
218,Javier Sellers,megan58@yahoo.com,811.855.7717x07757,2024-03-27
219,Jessica Anderson DVM,rosalesjenna@dougherty.com,001-030-735-3868x28159,2024-05-29
220,Alexandra Owens,ellisonroy@gmail.com,8534755074,2024-08-27
221,Edwin Torres,robert92@yahoo.com,(263)951-9813x8334,2025-05-27
222,Maria Avery,rachel99@gmail.com,777.135.8996x160,2022-09-02
223,Brian Sanchez,ijones@yahoo.com,+1-978-929-3090x77258,2023-09-11
224,Rick Obrien,oraymond@johnson-osborn.com,(660)506-8902x55288,2024-12-17
225,Joe Hansen,qhopkins@perkins.com,617-723-7973,2022-07-23
226,Alexis Lester,wilsonbrittany@martinez-kirk.biz,704-855-0231x3744,2024-07-01
227,Gregory Gray,lorigarcia@zimmerman.net,382.682.0120x21526,2023-02-28
228,Matthew Frazier,tarmstrong@yahoo.com,718-697-2500x69736,2023-11-18
229,Kayla Lang,melissahopkins@gmail.com,+1-511-081-7831x3571,2025-01-20
230,Michael Schwartz,eball@yahoo.com,(881)883-7606x171,2022-12-26
231,Gloria Brown,amber93@hotmail.com,782-640-8344,2023-09-23
232,Antonio Tanner,brittney10@hotmail.com,717.566.3579x038,2022-09-18
233,Paige Harris,mcdonaldjessica@gross.com,011.269.9289x722,2023-07-16
234,Jill Davis,lisa77@becker.com,001-986-245-3115x718,2023-01-06
235,Gabriela White,holtrichard@yahoo.com,(665)658-4042x91037,2023-07-23
236,Joanne Coleman,esimpson@gmail.com,249-876-4155,2024-06-09
237,Stefanie Cardenas,gregorysusan@dominguez.com,968.390.2829,2024-05-04
238,Nathaniel White,fpatrick@jones.com,668.949.4927,2024-10-21
239,John Ramirez,garyroberts@yahoo.com,955-496-8472,2024-05-13
240,Amanda Jones,mendozadaniel@cruz.org,442-839-6324x7004,2023-02-19
241,Mary Watson,vickie71@gmail.com,0731680806,2024-10-21
242,Charles Montgomery,emyers@yahoo.com,299.983.9187,2025-05-28
243,Lisa Williams,silvadeborah@hotmail.com,824-641-1880x3467,2022-08-13
244,Jenny Potter,tracy81@hodges.com,072.185.0822x6163,2023-09-23
245,Douglas Mitchell,camposthomas@gmail.com,001-755-0493x5781,2023-08-26
246,Tyler Mcmahon,francojessica@lee.info,+1-283-929-1238x118,2024-07-04
247,Matthew Williams,jeffrey26@gmail.com,+1-432-376-0356,2024-06-09
248,Leslie Hill,lori22@orr.info,(833)343-2603,2023-03-10
249,Matthew Rivera,wsantos@lewis.com,309.818.1924x241,2023-02-23
250,Veronica Kelly,eugene88@gmail.com,(093)974-9800,2024-12-31
251,David Ramos,hillmichael@yahoo.com,001-944-442-9737x26832,2023-05-29
252,Robert Patel,xnunez@west.com,851.393.1165x3126,2023-06-30
253,James Newton,clozano@gmail.com,(717)159-1833x335,2024-02-08
254,Mark Robles,martinezmatthew@hotmail.com,103-411-3732x0220,2022-10-10
255,Jordan Stuart,crystalhampton@nixon.net,(866)307-0996x4886,2023-05-24
256,Nicole Hicks,stephanie81@hotmail.com,(995)911-0298,2023-09-21
257,Christine Dalton,ochoajohn@yahoo.com,(329)694-8632x013,2022-06-24
258,Sara Deleon,joelvazquez@mcintyre-burch.com,866-411-5164,2025-05-29
259,Samantha Glass,jamesperry@yahoo.com,+1-782-690-0800x470,2023-04-09
260,Jason Newton,robertamiller@hotmail.com,973-105-3888x931,2023-02-09
261,Alejandra Marks,wesleywhitaker@gmail.com,616.010.9728,2025-01-28
262,Christine Schmidt,meghanroth@williams.com,6097849704,2025-04-16
263,Melissa Perkins,banthony@hotmail.com,100.945.3194,2023-01-06
264,Daniel Murphy,thomasgreen@rowe-white.com,7623327509,2025-03-28
265,Eric Andrade,christophervilla@hotmail.com,936-016-1687x6307,2023-04-10
266,Christian Eaton,qwatson@hotmail.com,639.170.1389,2024-10-16
267,Abigail Carroll,glenchambers@gmail.com,+1-586-234-2234x22641,2022-06-29
268,Mark Benton,patriciacox@bowers-fischer.info,(061)251-7434x21084,2023-06-03
269,Kimberly Hunt DDS,wrightcraig@jenkins.com,001-268-748-5117x66124,2024-07-06
270,Rebecca Bennett,tgray@yahoo.com,001-265-902-8277,2025-05-23
271,Lucas Goodwin,jennifer57@sanchez-phillips.info,+1-820-013-7683x52813,2024-06-26
272,Dennis Wiley,robert53@moore-rios.com,726-779-8300x20304,2023-03-27
273,Thomas Tucker,walshdavid@larsen.com,884.099.5550,2024-03-31
274,Karla Grant,mgonzalez@diaz.biz,(764)629-0651x6512,2024-02-17
275,Sean Sloan,kjohnson@brown.com,+1-778-700-0985,2023-07-30
276,Amy Walsh,colleen63@clark.com,433-606-2037x60207,2022-07-23
277,John Mccullough,allenryan@hotmail.com,+1-760-790-4660x0559,2023-06-06
278,Lauren Ramirez,joseph91@curtis.com,+1-798-262-2555,2024-04-25
279,Sierra Rodriguez,wendy08@hotmail.com,+1-066-036-3409x161,2024-03-11
280,Barbara Hickman,nicholascarter@ferguson.com,264.445.8164,2024-11-28
281,Jennifer Davis,cynthiaortiz@gmail.com,915-674-0794x91790,2024-03-23
282,Nicholas Daniels,mauricefoley@johnson-horton.net,001-224-897-1470x6759,2024-02-03
283,Amanda Patton,whitedaniel@mcgee.biz,704-860-1656x1246,2024-03-04
284,Jason Perkins,meghanjones@shaw.com,(614)228-4746,2024-11-30
285,Mr. Bryan Henderson,rachel80@hill.com,+1-800-272-9171x41121,2023-03-11
286,Vanessa Reed,silvajames@yahoo.com,+1-263-134-9460x7818,2023-02-07
287,Terry Noble,amycooper@martin.com,142-311-5479,2025-05-13
288,Nicholas Summers,christianatkins@gmail.com,6053954328,2023-08-08
289,Matthew Noble,ghorton@harris-smith.com,001-148-764-2730,2022-06-13
290,Amy Mullins,khanrobert@hotmail.com,001-832-924-0116x2801,2024-03-10
291,Amanda Keith,ruthgarcia@ford.com,721.889.0665x056,2023-12-17
292,Cynthia Hester,yatesryan@miller-jones.com,753.995.4316x118,2024-02-26
293,Ashley Ramirez,hunterbarbara@noble.com,+1-492-294-6897x61661,2022-12-01
294,Julie Reese,bradforderic@hall-arnold.biz,(557)195-5729x0341,2025-03-14
295,Jason Edwards,rvillegas@hotmail.com,+1-372-725-9063x5931,2023-02-02
296,Melissa Jones,obrienteresa@thompson.net,(486)131-1035,2024-08-19
297,John Watts,martinsharon@robbins-skinner.org,879.596.3845,2023-06-27
298,Donald Myers,mcruz@shelton.com,(375)708-1518x0778,2023-05-21
299,Jeffery Lopez,heather46@valenzuela-davenport.com,531.002.6689x742,2024-06-09
300,Timothy Hill,yvettebailey@davis.org,944.740.1586x6849,2023-02-25
301,Christopher Scott,marycummings@hill.com,8912294397,2022-11-14
302,Wendy Mcgrath,hernandeznina@duncan.com,+1-290-094-0177x49192,2024-08-03
303,Edward Wood,smithjennifer@monroe.com,911-699-3478x7762,2025-01-03
304,Denise Herman,robinneal@yahoo.com,(178)219-2790,2022-08-29
305,Jose King,gregory73@yahoo.com,(763)587-3111x354,2025-01-09
306,Justin Harrison,sleon@yahoo.com,132.815.6136,2024-07-19
307,Shawn Spence,ericksontina@bond.biz,+1-740-724-8018x79997,2022-11-09
308,Katherine Jacobs,angela52@hayes-rodriguez.com,001-275-073-6132x0406,2023-06-27
309,Sara Lee,mayjennifer@drake.com,130-736-6196,2024-05-14
310,Laura Lawrence,ywarren@gmail.com,(671)416-8265x9700,2024-04-25
311,Christopher Downs,shannoncontreras@miller.com,001-970-962-7316x73499,2023-01-22
312,Deanna Reynolds,summersvincent@yahoo.com,5485120612,2024-01-11
313,Karen Wright,nelsonchristine@bryant.com,927.812.5983x39919,2024-07-06
314,Mary Lewis,erik51@gmail.com,001-261-091-2827x7565,2023-03-27
315,Rebecca Warner,obaldwin@yahoo.com,264.266.7730,2022-10-17
316,Casey Harris,rleonard@allen-johnson.info,627-664-7848,2024-04-08
317,Ethan King,christopherjohnson@long-osborne.com,+1-729-451-3560x990,2022-09-30
318,Rebecca Smith,hensoncourtney@wall.com,+1-632-623-7505x4322,2024-03-16
319,Christopher Castro,justinbrown@hotmail.com,375.945.8702x30710,2023-10-26
320,Andrew Johnson,daniel86@yahoo.com,+1-524-087-4155x075,2024-07-07
321,Deanna Lane,codypeters@hudson.com,043-654-5191x600,2025-02-23
322,Charles Simmons,mvasquez@hotmail.com,(662)434-1781,2023-09-16
323,Nancy Medina,suzanne86@gmail.com,692-119-3687x5741,2023-02-23
324,Michelle Kennedy,gregoryjoseph@yahoo.com,869-413-9040,2024-09-19
325,Thomas Taylor,jessica57@campbell.com,001-319-121-2595,2023-05-25
326,Cindy Taylor,martinroger@yahoo.com,001-206-856-6090x288,2023-10-31
327,Andrea Flowers,anthonyhoward@harrington.com,(427)714-1045x288,2024-06-05
328,Nicholas Hunter,zimmermanjohnny@steele.com,001-854-641-3728x1122,2023-04-24
329,Dennis Ferguson,chenderson@franklin.com,+1-599-752-6570,2022-08-31
330,Charles Lyons,natashalloyd@hotmail.com,+1-081-160-9629x3956,2022-10-24
331,Brandon Mcguire,harrisjonathan@rosales.com,9698600775,2024-04-28
332,Heidi Hartman,staylor@gmail.com,001-476-469-1457,2024-08-04
333,Lisa Lyons,david80@edwards.com,(032)662-5103x1530,2024-08-02
334,Andrew Perez,robert76@weber.info,001-064-108-0910x7299,2024-04-08
335,Christopher Carrillo MD,petersoncrystal@gmail.com,434.917.1003,2025-03-14
336,Grace Vasquez,nicole33@flynn.com,+1-747-506-3685x3992,2024-07-31
337,Daniel Donovan,toni11@taylor-barnes.com,+1-650-643-3054x0696,2023-12-30
338,Jorge Cruz,athomas@rangel.com,9224117715,2023-12-02
339,Jessica Henry,kleon@garcia.com,001-926-936-0997x07399,2024-01-01
340,David Johnson,hcarrillo@lee-larson.com,(307)567-4537,2024-07-03
341,James Cowan,robert85@hamilton.com,(191)442-3814,2023-10-31
342,Amy Taylor,cooperryan@gmail.com,(559)227-1920,2024-06-03
343,Blake Garcia,charlenecaldwell@yahoo.com,328.453.8129x16604,2025-05-20
344,Michael Miranda,jessicaweaver@williams-harrison.com,(184)744-0005x431,2025-04-11
345,Christopher Mckenzie,jeffreyramos@yahoo.com,+1-450-389-3476x4995,2023-03-15
346,Chelsea Allison,salvarez@moore.info,648-435-1454,2025-04-14
347,James Morris,patricia58@morgan.net,001-034-774-4995,2024-10-12
348,Michael Blake,molinalaura@walker.net,212.161.7625,2022-10-24
349,Laura Clark,hernandezdana@holmes.com,(652)810-0749,2024-09-29
350,Martha Mendoza,jonathan40@logan-brennan.net,0866658153,2025-01-25
351,William Moore,selenadaugherty@hill-jordan.com,946-592-0548x885,2022-08-22
352,Daniel Richardson,plopez@fleming.com,(925)232-0996x62725,2022-07-26
353,Mr. Raymond Smith,alvarezsharon@hotmail.com,222.724.8599x31785,2024-07-27
354,Rodney Spears,brian53@foster.info,037.379.6728x036,2024-04-22
355,Michelle Andrews,cfigueroa@gmail.com,(357)822-3949,2024-05-20
356,Tammy Robinson,jhernandez@richardson.com,877-745-9941x883,2024-01-13
357,Miranda Weaver,gabrielgonzales@mitchell-hardy.com,552.539.1255x2500,2023-03-29
358,Kenneth Pope,dbooth@thompson.com,215.836.3039,2022-12-16
359,Haley Navarro,olevine@hotmail.com,(048)988-3362x8175,2022-06-13
360,Scott Watts,edavila@hotmail.com,806.951.3191x42967,2023-04-11
361,Jillian Myers,amandabennett@yahoo.com,078-127-7949,2022-12-11
362,Gabriel Dillon,patriciabrown@thomas.com,+1-185-623-3383x1672,2024-11-22
363,David Taylor,vparrish@hotmail.com,001-419-513-0745,2023-12-26
364,Kyle Walters,christina20@kerr-lucas.com,+1-392-263-0307,2024-07-27
365,Cynthia Crawford,dylan94@hotmail.com,(125)798-1233x1603,2022-08-23
366,Lisa Lopez,rallen@gmail.com,402-153-0804,2022-08-28
367,Ryan Jones,jacksonhannah@hotmail.com,001-332-345-4223,2025-04-08
368,Nicole Becker,hthompson@hill.biz,707-621-4163x50214,2023-03-21
369,Alexander Curtis,nancy06@morris-dodson.com,0941244516,2022-11-01
370,Mrs. Jennifer Wright,weberjeff@hotmail.com,+1-798-323-2367x70989,2023-12-31
371,Edward Thomas,mbrown@stewart.com,555-248-9930,2024-07-27
372,Damon Malone,baxteralexandra@gmail.com,112-126-1090x6102,2024-11-07
373,Jean Adams,bgonzales@gmail.com,931-639-3483x5574,2024-11-15
374,Glenn Evans,henrydaniel@yahoo.com,(489)643-2246x96318,2025-02-13
375,Thomas Larson,willisjames@hotmail.com,+1-263-430-9262x0482,2023-06-29
376,Robert Reed,iwang@williams.net,+1-733-247-1525x899,2025-01-02
377,Jennifer Alvarez,leekari@griffin.net,001-858-407-3431x90857,2025-05-27
378,James Novak,jmorgan@hotmail.com,015.422.7095x5772,2022-07-28
379,Sheryl Cortez,zstrickland@le.biz,353-820-1877x671,2023-02-13
380,Laura Glass,snowmitchell@hotmail.com,9127073662,2022-08-23
381,Jennifer Lara,rmartinez@velazquez-bryan.org,001-674-507-1623x92526,2025-04-19
382,Robert Cook,sarah68@gmail.com,200-565-5530,2025-03-31
383,John Ball,alyssamoore@cole.com,+1-335-924-2384x482,2023-06-22
384,Kimberly Smith,johnsonjames@hotmail.com,186-893-8395,2023-07-13
385,Mark Pugh,andersonangelica@gmail.com,840.588.7049,2022-10-25
386,Roberta Payne,davidsingh@yahoo.com,950-962-3344,2022-07-14
387,Tracy Goodman,johngonzalez@frazier-tucker.com,805-829-9895x98148,2024-09-14
388,Tony Cook,robert46@yahoo.com,(273)006-3647,2022-08-02
389,Joseph Brown,schmittsara@hurst.org,476-337-7993x8047,2022-08-06
390,Ryan Gonzalez,rcallahan@hotmail.com,917-997-0579,2025-04-16
391,Brett Gordon,opaul@martin-grimes.com,(784)190-3222x113,2025-05-22
392,Jessica Davidson,bhamilton@smith-norton.com,001-957-241-6858x453,2024-01-30
393,Katie Guerrero,james40@walker-crawford.com,001-230-810-7993,2023-07-28
394,Hunter Melton,kbrandt@gibson-turner.com,396.259.9917,2024-10-05
395,Martha Santana,stewartmonica@yahoo.com,722.638.6171,2024-01-15
396,Cheryl Riggs,alicia78@johnson.com,503-578-3542x1135,2024-06-08
397,Jennifer Collins,andrew57@hotmail.com,001-798-431-5227,2025-01-25
398,Adam Owens,matthew06@yahoo.com,001-302-006-8652x32042,2022-07-08
399,Caitlin Blackwell,greenalejandra@yahoo.com,501.367.2450x89320,2022-07-08
400,Stephanie Norris,duane93@gmail.com,(944)643-1029x1209,2024-07-03
401,Glenn Stone,swilson@yahoo.com,620.892.7997x93483,2023-03-01
402,Kelly Vasquez,ashaw@west.com,754.750.3168x157,2023-03-28
403,Eric Smith,wilsonanthony@gmail.com,001-081-970-4765,2025-01-25
404,Shane Roberts,nicole37@jones.com,4180848296,2022-06-30
405,Dominique Moore,melissatorres@gmail.com,(156)343-9768,2023-01-11
406,Betty Sanchez,katie74@padilla.org,+1-557-553-8350x654,2022-09-23
407,Kenneth Johnson,monica32@hotmail.com,920.222.1237x0322,2024-08-28
408,Kimberly Hardy,wendymclaughlin@brown.com,6108410697,2024-06-09
409,Julia Lopez,andrealee@washington.com,(178)572-2804,2025-06-01
410,Jennifer Davis,joannspencer@gmail.com,001-869-191-8098x17455,2025-05-29
411,Jerry Flores,bdalton@noble-rangel.com,001-336-286-4116x9277,2025-03-12
412,Tracy Wheeler,stephaniekeller@rios-perkins.com,(571)688-9729x31901,2022-08-03
413,Kimberly Choi,brookstodd@yahoo.com,870-381-7174x7490,2024-06-09
414,Dana Fox,pamelawright@gonzalez.com,001-762-072-6693x18585,2023-02-28
415,Marilyn Bentley,mikeguzman@yahoo.com,948.742.2434,2024-11-29
416,Ronnie Atkins,paulsaunders@gmail.com,(344)483-0410x54589,2024-01-30
417,Kyle Walsh,andreahinton@yahoo.com,+1-668-073-4571x0717,2024-08-08
418,Zachary Morris,ronaldalvarez@harris.biz,+1-420-207-6579x66758,2022-10-07
419,Elizabeth Cannon,churley@hotmail.com,(236)966-3786x1204,2023-12-05
420,Mrs. Patricia Olson,kingmichael@gmail.com,(925)191-1556x5292,2024-05-11
421,Belinda Lopez,erin04@olson-calhoun.com,839.502.7862,2025-04-18
422,Christina Lowe,robin35@novak.info,514.120.1190x67736,2024-09-26
423,Michael Gibson,hperry@yahoo.com,849-738-4008x11052,2022-10-23
424,Alex Kline,yolson@hotmail.com,986-645-3383,2024-05-12
425,Bryce Trujillo,mross@gmail.com,7773533964,2022-10-05
426,Eric Martin,kvelasquez@hotmail.com,+1-027-209-9352,2023-12-21
427,Aaron Montgomery,matthew67@hotmail.com,0475870128,2022-07-04
428,Mrs. Cheryl Garcia,agonzalez@johnson.net,015.352.7800,2023-10-24
429,Andrew Patel,christopher62@collins.com,469.057.9232x183,2024-11-07
430,Jason Ryan,allisonhall@yahoo.com,(241)951-7863x1892,2024-05-23
431,Lisa Hansen,uhunt@hotmail.com,(737)995-6880x8596,2024-04-12
432,Bryan James,alicia86@adams.com,051-184-2641,2022-06-11
433,Robert Williams,belinda57@mills.com,(273)827-6067x0625,2022-06-10
434,Angela Santiago,gbonilla@farley.org,606-993-2323x67365,2025-05-05
435,Tristan Williams,daviddavis@gmail.com,2722163174,2025-04-08
436,Anna Wheeler,donnasanchez@meadows-smith.com,+1-635-469-2326,2024-04-01
437,Christian Luna,lweiss@gmail.com,426.633.8912x280,2022-06-18
438,Daniel Kennedy,hansontiffany@hotmail.com,141.733.6123,2024-12-04
439,Joshua Kelley,whitney49@yahoo.com,(152)385-8972x506,2024-05-13
440,Courtney Anderson,troth@woodward.com,464.439.0153,2023-05-14
441,Gabriela Walker,lisahenderson@colon.com,(818)489-3645,2024-12-23
442,Amy Russo,hughessarah@watkins.com,(806)065-6121x74726,2024-06-26
443,Eric Johnson,ecrawford@yahoo.com,+1-386-689-7073x4218,2022-06-29
444,Katrina Frazier,sanderssamantha@taylor.info,001-953-420-5668,2022-07-09
445,Courtney Howard,ycole@ibarra-howell.net,5303610046,2025-02-10
446,Samantha Cook,davisanne@peterson.net,001-726-462-7167x5205,2024-11-11
447,Phillip Cross,christian72@gmail.com,001-742-474-2589,2022-10-31
448,Lauren Stewart,roy51@hotmail.com,+1-465-631-6032,2025-02-26
449,Kristen Lawrence,ngrant@yahoo.com,726-352-8828,2022-06-20
450,Kendra Dalton,james02@hernandez-smith.com,001-989-042-6980x87825,2023-06-06
451,Jon Smith,debra61@yahoo.com,312-178-8881,2024-04-09
452,Jenna Pineda,katelyn22@gmail.com,844.461.1795,2023-09-15
453,Isabel Garner,alexanderalex@meza.com,(361)451-8313x218,2022-11-21
454,Rebekah Morton,melendezphillip@gmail.com,0726076851,2024-03-18
455,Doris Manning,droberts@arnold-mccall.com,512-827-2942x8981,2022-11-22
456,Teresa Reynolds,rmartin@hotmail.com,001-325-957-4859x1337,2023-12-02
457,Patricia Walker,kimberlyclark@hotmail.com,871-694-6756,2024-10-23
458,Lisa Walton,deborah76@johnson.org,513.154.6367x621,2023-05-07
459,Rose Hamilton,savannah72@yahoo.com,(455)769-9987,2023-10-02
460,Marcus Rice,jennifersanders@jensen.com,447-159-9771,2024-11-13
461,Mark Murphy,cmiller@hotmail.com,741.841.2640x535,2022-12-31
462,Connie Thompson,fmatthews@gmail.com,001-057-218-6453x261,2024-02-18
463,Julie Shepherd,michael22@fletcher-wheeler.com,055.470.0688x73029,2024-03-13
464,Allison Reed,jessemyers@yahoo.com,9762827128,2024-10-04
465,Peter Strickland,smithashley@bryant.com,7748816820,2023-08-11
466,Ryan Davis,wrobinson@yahoo.com,001-742-789-4378x87242,2024-05-20
467,Richard Nelson,marissa58@gmail.com,001-953-164-7059x4887,2023-11-11
468,Devin Webb,amandaphillips@summers-hunt.org,228.171.0822,2024-09-28
469,Derek Lewis,oellis@hotmail.com,+1-336-783-5884x549,2022-07-24
470,Jennifer Schultz,wesleylang@christensen.com,001-196-764-7583x356,2024-01-14
471,Jose Lam,henrysmith@frederick-wilkerson.org,777.308.4298x5077,2022-08-03
472,Christy Ryan,molly36@sanchez.com,612-149-1228x6731,2025-03-30
473,Monica Huff,deannamccall@hotmail.com,118-580-2023x15218,2022-06-24
474,Jennifer Moore,cisnerosandrea@paul-nguyen.org,309.806.5727x3801,2024-03-11
475,Kristen Rosales,ianking@yahoo.com,053-606-5681x5409,2024-08-20
476,Holly Moore,kwhite@yahoo.com,(292)346-7184,2023-07-31
477,Matthew Lopez,john76@hotmail.com,+1-674-001-8476x69953,2023-11-21
478,Allison Yu,raven08@lambert-reyes.com,5622471803,2025-02-17
479,Kelli Holloway PhD,stephenbrown@yahoo.com,001-582-609-6007x507,2025-05-13
480,Jordan Waters,lisabryant@gutierrez.info,818-930-1636x8426,2023-06-14
481,Jessica Payne,levimosley@graham.net,818.414.7623x8026,2024-07-01
482,Samuel Roberts,eford@johns.com,814-604-9912,2024-11-30
483,Courtney Woodard,aprilvillanueva@jackson.com,347-209-6738,2024-03-20
484,Gregory Hanson,scotthughes@yahoo.com,3927499143,2024-09-26
485,Troy Craig,pamela08@lee.com,467-151-1888,2024-10-15
486,Catherine Freeman,judithjackson@wagner.com,745.576.6394,2022-07-01
487,Laura Anderson,jenna27@yahoo.com,(947)922-7019x246,2024-05-23
488,Ernest Conley,johnwilson@hotmail.com,935-170-8716,2023-10-03
489,Robert Rodriguez,leahshea@jones-murphy.com,(816)945-3845,2023-11-19
490,Mark Shepherd,joshuabowman@yahoo.com,(398)792-0148x292,2023-04-08
491,Lisa Greer,erica96@jenkins.biz,1165586511,2023-11-23
492,Alyssa Nguyen,solisamy@gmail.com,+1-066-056-7721x36008,2023-08-02
493,Shannon Fernandez,ucherry@morrison.com,(910)997-8721x91630,2025-05-07
494,Lisa Rodriguez,barnesbobby@yahoo.com,215.357.0093x5871,2024-06-26
495,Stephanie Smith,shelley50@hotmail.com,878-900-5299,2023-07-18
496,Carlos Reed,debbiescott@gmail.com,+1-321-243-0258x33036,2025-02-05
497,Chad Holden,macdonaldlynn@hotmail.com,001-744-730-9811x078,2022-06-24
498,Sara Freeman,vrose@gmail.com,433.578.4370,2022-09-20
499,Katie Rush,jameslucero@harris.info,001-506-050-3351x163,2025-03-25
500,Kristie Villanueva,erin73@yahoo.com,(530)342-6027,2023-06-06
501,Carl Small,htaylor@johnson-lopez.com,001-009-751-1029x3940,2024-11-12
502,Laura Bell,crystal45@hotmail.com,+1-817-130-3292x84422,2022-11-17
503,Eduardo Harris,townsendnatalie@hubbard.com,295-603-0293x0958,2024-07-04
504,Allison Johnson,eric02@yahoo.com,(693)186-0623x143,2024-08-30
505,Eric Snyder,belltheresa@barnes.com,9763252739,2024-04-17
506,Karla Townsend,stacydavis@salas.info,(694)143-1401x398,2024-10-22
507,Justin Martin,jenniferharris@yahoo.com,894-284-0888,2023-12-25
508,Daniel Smith,cesarmalone@gmail.com,164-851-5596x4870,2023-03-23
509,Brandy Martinez,allenmichael@gmail.com,001-888-842-3594x0216,2024-11-13
510,Amber Coleman,matthewprice@joseph.com,+1-462-655-6157x72355,2022-10-12
511,Bonnie Ramirez,rhebert@gmail.com,059.944.6173x536,2022-08-30
512,Jonathan Raymond,hendersonheather@yahoo.com,9126028700,2024-04-29
513,Ashley Patterson,macdonaldduane@gmail.com,(586)998-0088,2022-11-04
514,Eric Reid,vparks@yahoo.com,124-229-6069,2022-10-09
515,Justin Mueller,vjoseph@edwards.biz,(782)396-7567x65948,2024-02-11
516,Justin Colon,brittany71@gmail.com,001-897-248-1870x63378,2024-05-12
517,Jeremy Erickson,frankcruz@hotmail.com,361-593-6407,2025-05-13
518,Angel Hester,stacymarquez@parker-cooley.com,001-962-413-2459x123,2025-04-21
519,Donna Vega,christopherbell@gmail.com,451-434-3825x00869,2024-12-03
520,Andrew Jones,heather15@turner.com,001-834-942-8352x706,2022-06-20
521,Matthew Banks,jfoster@gmail.com,(917)032-4223x4177,2024-12-02
522,Veronica Hernandez,ellisbarry@roberts.biz,9012717209,2025-04-13
523,Susan Moore,james15@wilson.org,178.625.6156x3688,2024-02-13
524,Michael Reid,mitchellmario@hotmail.com,(062)853-6749x2818,2024-06-03
525,Rita Jones,xhall@lee-wilson.com,127-064-5478,2023-04-18
526,Laura Rios,melinda79@davis.com,991.618.5029x7670,2024-03-30
527,Ryan Harper,timothy61@rivers-reyes.com,(005)428-6357x4088,2025-03-26
528,Jeremy Baker,sanchezkathleen@hotmail.com,(582)355-2637,2023-04-19
529,Ralph Mooney,simpsonchristine@hotmail.com,001-043-810-0631,2022-06-08
530,Kyle Mclaughlin,murrayrichard@yahoo.com,4868716907,2023-06-14
531,Courtney Thomas MD,williamsdaniel@morrison-fox.com,685-098-9479,2023-03-30
532,Sara Robinson,rebecca90@hotmail.com,(109)603-3822x38223,2024-01-05
533,Evan Shelton,vholt@anderson.com,+1-872-069-6577,2024-02-24
534,Dr. Stephen Payne,lopezalejandro@hotmail.com,839-720-0663x295,2024-03-28
535,Kimberly Bennett,walter93@yahoo.com,061.975.0038x140,2023-07-08
536,Justin Smith,chadmaynard@gmail.com,5835348584,2023-03-16
537,James Hill,tpotts@ware.biz,1832579816,2024-12-16
538,Michael Hall,josebarber@hotmail.com,604.259.9040,2022-09-19
539,Dana Berry,mannwilliam@yahoo.com,244.574.3425,2024-12-07
540,Bernard Everett,douglas38@gmail.com,062-868-5210,2022-08-04
541,Courtney Carlson,isaacmeyers@allison-murray.com,148-224-3025x9588,2024-10-17
542,Thomas Nguyen,brittneyrobinson@yahoo.com,260-855-0262x599,2022-11-21
543,Michael Hubbard,jeff95@lang.info,(070)367-9889,2023-04-16
544,James Roach,reeddenise@stark-davila.info,811-844-8789x0529,2022-11-07
545,Diane Williams,horngary@hickman-bryant.com,731-302-2037x35405,2025-02-22
546,Michael King,butlerteresa@stevens.biz,9337198658,2023-10-13
547,Carlos Ware,richard48@elliott.com,(206)152-5019,2022-10-04
548,Lance Dixon,andrew47@hotmail.com,001-006-225-0177x591,2024-05-26
549,Regina Newman,jameshart@ortiz.com,+1-470-706-6057x9652,2024-06-07
550,Ryan Bauer,simonerik@watkins-huffman.com,898-701-6244,2023-07-26
551,James Dunlap,tracysanchez@bryan.com,+1-785-315-0274x393,2024-12-30
552,Audrey Hart,joshua94@hotmail.com,6209527958,2025-02-12
553,Amy Moore,jamescooley@robinson.biz,001-822-053-8452x81349,2024-05-31
554,Samantha Griffin,marymeadows@gmail.com,(610)382-1186x2050,2025-04-12
555,Ricky Flores,hobbskatelyn@oliver.com,+1-649-770-7034x56215,2023-12-14
556,John Scott,ghudson@keith.org,190-454-9065x4782,2025-01-04
557,Anthony Mendez,qpowell@gmail.com,700.749.8900x61802,2022-07-24
558,Ashley Wood,udalton@gmail.com,635-924-4450,2024-05-03
559,Frank Bryant,laura93@nichols.com,258-074-2212x0373,2024-03-07
560,Brian Morris,johngill@blake.com,179-395-3843x071,2025-05-10
561,Jennifer Smith,jenniferrodriguez@harper-valdez.com,139.360.5720,2025-04-24
562,Brandon Ward,aatkins@hotmail.com,(386)582-6301,2024-01-10
563,Kathy Lopez,wshepherd@moore-clark.com,5475515698,2023-05-19
564,Mrs. Lisa Lane DDS,williamfuller@montes.com,701.982.7717x956,2024-07-14
565,Tiffany Hoffman,fmartinez@hotmail.com,744.415.6574x375,2024-12-22
566,Eileen Patel,sarakramer@wagner.com,(955)844-5735,2023-02-16
567,Andrew West,gonzalezbob@yahoo.com,001-527-404-5645x4312,2024-11-13
568,Joseph Thompson,hernandezbrenda@yahoo.com,(992)633-7009,2023-11-27
569,Daniel Vega,marymoore@sampson.com,001-251-187-4223x18583,2022-10-17
570,Nicole Jackson,travis34@gmail.com,+1-718-148-5436x274,2024-08-20
571,Monica Hoffman,mendozaangela@taylor-mendoza.com,(846)851-9261,2024-06-30
572,Mary Bell,shannondawson@gmail.com,+1-900-391-6102x81111,2024-07-04
573,Alex Dawson,thall@hotmail.com,5217020739,2024-06-23
574,Amy Miller,hendersonbeth@dougherty.info,196.767.4166x0648,2023-11-11
575,Veronica Weiss,joseph24@yahoo.com,4988645386,2024-10-19
576,Nicole Stewart MD,trevorperry@yahoo.com,155.254.1783,2023-03-14
577,Christian Farley,bholmes@lewis-nguyen.net,+1-569-771-0456x88263,2023-09-17
578,Eric Harris,bsmith@taylor-miller.com,(272)586-1821x1408,2023-08-02
579,Monica Mcdonald,owilson@mcdonald-pham.com,001-627-573-3200x61193,2024-04-09
580,Haley Moore,tina80@gmail.com,001-335-235-8459x638,2023-05-03
581,Mary Parker,eroberts@adkins-bishop.com,556-139-6047x51042,2023-07-26
582,Erica Hawkins,april99@gmail.com,357.176.8538,2023-07-30
583,Rebecca Johnson,jmarshall@yahoo.com,+1-728-092-7714x004,2024-01-10
584,Amy Crawford,hyoung@rowland.com,(452)164-2011,2024-08-15
585,Christopher Parks,crystal52@gmail.com,001-121-594-6333x8179,2025-04-10
586,Brittany Bray,owensanthony@howell-williams.com,370.193.6399,2024-08-24
587,Melissa Navarro,danielle36@jordan-carroll.org,5452190926,2024-06-09
588,Victor Herrera,phillipstroy@gmail.com,307.354.6007x97407,2024-04-12
589,Olivia Nelson,laura93@king.biz,001-546-800-2209,2024-04-22
590,James Harris,hailey95@hotmail.com,(274)233-4128x34370,2023-06-13
591,Cody Dillon,tim39@gmail.com,(913)946-8933x2766,2022-10-18
592,Daniel Shaw,elliskendra@morgan.com,481.532.4606x3981,2025-01-31
593,Kelsey Bell,schroederaaron@jacobs.biz,0789493506,2022-11-03
594,Jody Case,bryantcharles@evans.com,968.103.2022x401,2024-06-29
595,Christopher Miller,jason12@yahoo.com,+1-674-009-4043x7814,2022-09-20
596,James Mcdonald,ajacobson@huffman.com,005.723.9532,2024-05-06
597,Ashley Jackson,ortizdavid@harper.biz,001-817-548-1442x3352,2025-04-03
598,Jared Taylor,nicole74@herring-rose.info,001-271-855-1370,2023-04-24
599,Michelle Doyle,icamacho@hotmail.com,8784178679,2025-03-08
600,Lisa Shannon,ashleyrojas@hotmail.com,001-572-020-3521,2022-09-08
601,Tyrone Davis,frice@gmail.com,+1-933-138-6349,2022-12-31
602,Frank Nunez,catherine71@blankenship.info,(285)103-0164x0403,2025-01-12
603,Nicole Sandoval,rodriguezregina@kim.com,891.148.2199,2022-11-25
604,James Hess,bryce50@gmail.com,+1-664-150-9957x56811,2025-03-05
605,Daniel Morgan,megangreen@munoz.net,+1-223-596-3472x6247,2022-11-12
606,Pamela Hall,kstewart@craig-odonnell.info,001-308-724-0364x8002,2025-04-01
607,Samantha Stanley,vfletcher@blevins.biz,(172)775-3291x236,2023-10-21
608,Jessica Green,adamjones@yahoo.com,+1-038-240-3092x283,2023-09-27
609,Dillon Turner,lgonzalez@hotmail.com,6695804940,2024-02-01
610,Sara Turner,carl71@yahoo.com,+1-923-002-8834x92844,2023-11-01
611,Zachary Williams,lisagregory@gmail.com,+1-037-944-0001,2022-06-09
612,Erin Moreno,oharper@hotmail.com,(496)442-2169x68928,2024-04-05
613,Lauren Chavez,vincent59@ponce-lopez.com,223.152.6057x9481,2023-10-03
614,Joseph Carney,burgesskristopher@ward-white.com,379.848.0020x3287,2025-02-27
615,Jessica Boyd,mendozajennifer@gmail.com,(250)915-5732,2023-03-07
616,Cathy Park,davisrachel@yahoo.com,(698)832-0991,2023-01-01
617,Daniel Tran,hmiller@carrillo-sullivan.info,(785)730-2394,2024-10-17
618,Michael Miller,phall@hotmail.com,001-092-137-0183x2740,2023-03-31
619,Jessica Roberts,john18@hotmail.com,576-515-0218,2024-02-17
620,Tammy Franklin,andrewsdaryl@alvarez.net,(189)085-4030x32535,2023-10-18
621,Larry Ward,alexstephenson@hotmail.com,001-560-064-2092x25973,2025-01-19
622,Julie Williams,pricelindsay@paul.com,+1-032-232-3543x3745,2023-04-22
623,Mia Rogers,peterbush@nash.biz,824.596.2239,2025-02-16
624,Donald Arroyo PhD,scummings@williams.com,939.105.1507x108,2022-10-02
625,Ronald Wood,jessica15@hotmail.com,209.283.5342,2025-03-10
626,Larry Smith,stephanie28@brown.com,615.779.9324x69649,2023-02-23
627,Tamara Hamilton,garciajennifer@yahoo.com,001-930-054-7642,2023-08-25
628,Elizabeth Harmon,merrittpatricia@rogers.com,(691)782-7297x2136,2025-01-15
629,Kristin Patterson,brendaperez@kelly-williams.com,040-341-7609x713,2024-07-19
630,Ryan Robinson,andrew70@yahoo.com,(086)647-8635,2025-05-24
631,Debra Smith,davidmunoz@nguyen.com,318-705-0982x216,2023-01-05
632,Susan Cline,joshuamccarthy@franco.info,938-341-6232x5287,2023-08-07
633,Steve Taylor,jasonhernandez@vincent-hensley.org,(191)658-0643,2025-01-30
634,Rachel Yang,ppowell@black.com,309.769.0463x50773,2022-11-20
635,Kimberly Beasley,pstevens@bell.com,+1-095-332-4335x0698,2023-08-28
636,Dana Simon,mariobaker@davis.net,6644856786,2024-08-12
637,Jennifer Arroyo,daniel70@hotmail.com,183-606-3705,2023-11-09
638,Jason Rogers,colleen42@gmail.com,001-861-450-9413x822,2023-12-07
639,Amy Dawson,proctoremily@johnson.com,001-281-645-8081x0635,2023-12-09
640,John Thomas,jenna55@watson-arnold.com,682.584.5972x2050,2022-12-09
641,Janet Johnson,rstone@graham.com,001-202-976-3775,2023-11-25
642,Mary Ramos,dalecohen@gmail.com,(671)162-5352x2938,2024-02-11
643,Stephen Santos,nicoleharmon@hotmail.com,593.727.5131x586,2023-01-11
644,Kaitlyn Hester,qwade@hotmail.com,407-945-3934x11236,2023-09-12
645,Melissa Lucas,brooksraymond@hotmail.com,(064)740-5503,2024-06-12
646,Caleb Blankenship,morristracy@gmail.com,787-123-7287x357,2024-02-16
647,Kelly Hamilton,wbailey@bond.com,717-741-6867x4489,2025-01-21
648,Michael Randolph,jsmith@scott.com,001-835-100-6707x6034,2023-12-25
649,Andre Lamb,juanward@yahoo.com,212-813-3094x380,2022-12-07
650,Sharon Fernandez,kelli74@gmail.com,(600)267-4586,2022-09-26
651,Laura Keller,katherinereyes@yahoo.com,+1-878-202-8253,2024-04-01
652,Evan Moore,lisamitchell@hotmail.com,3025157161,2024-12-25
653,Edward Bryant,juareznicole@rodriguez-richardson.com,113.835.1463x547,2024-02-14
654,Donald Benson,kelli76@gmail.com,6934867370,2025-04-24
655,Michael Woods,mwilcox@mcguire.com,225.514.5885x0182,2024-11-29
656,Wendy Carr,brownnicholas@becker.com,+1-907-394-8834x039,2022-07-30
657,Aaron Douglas,mthompson@williams-green.com,+1-588-202-4469x43974,2023-03-11
658,John Watkins,parkerdawn@hill.net,(332)130-1938,2024-01-21
659,Mallory Hampton,lowens@cooper.com,+1-436-147-5629x788,2023-01-22
660,Gerald Costa,kelly46@williams.biz,471.688.0177,2022-10-15
661,Joshua Reynolds,jorge65@gmail.com,2356414077,2022-11-21
662,Savannah Miller,kyle51@ramos.com,001-497-992-2910x807,2024-04-26
663,Jacqueline Lambert,gregorygrant@hotmail.com,+1-217-696-0383x47862,2024-03-01
664,Richard Griffith,denise01@jenkins.com,001-907-861-1407x6703,2023-09-14
665,Julie Johnson,ehinton@chambers-gibbs.biz,(250)747-6219,2024-10-01
666,Nancy Dunlap,ashley01@hunter-scott.info,7199257511,2024-05-15
667,Edward Holt,gregory75@sullivan.com,001-017-660-2791x26154,2022-07-31
668,Kayla Bullock,fguzman@gmail.com,934.810.0334,2025-02-21
669,Randy Lopez,jennifer21@yahoo.com,(981)157-9136x789,2023-11-16
670,Ryan Ramos,pricejohn@caldwell-anderson.net,729-713-1158,2023-02-20
671,Joshua Lloyd,claytonquinn@gmail.com,828-829-1454,2024-05-31
672,Matthew Morse,jasondavis@yahoo.com,001-543-244-3922,2022-09-04
673,Kayla Curtis MD,jennifer08@grant.com,001-816-723-3693x5107,2023-05-07
674,Amy Pacheco,courtney56@small-vargas.com,(409)461-7455x637,2024-10-14
675,Barbara Washington,christopher00@lopez-johnson.biz,299-262-3618,2022-11-23
676,Kevin Ramos,jamesmoreno@hotmail.com,079-047-5523x03350,2022-11-14
677,Christopher Smith,molinajanet@mendez-ramirez.com,+1-822-121-5110x88098,2024-10-29
678,Anthony Russell,matthewwall@hotmail.com,008-145-2860x689,2023-02-01
679,Karen Parker,housejohn@hotmail.com,001-522-499-4989x7639,2022-12-08
680,Anthony Foster,steelemark@hotmail.com,015.295.0635x416,2024-04-23
681,Lynn Walker,lee75@hotmail.com,001-818-632-4335,2022-06-17
682,Tanya Petty,martinezsteven@mclean.biz,001-985-205-6605x9993,2023-01-17
683,Maria Johnston,zbrooks@gmail.com,+1-825-690-2876x1976,2024-09-15
684,Jonathan Cooke,andersonbenjamin@baldwin-johnson.net,001-936-500-3190,2024-09-07
685,Justin Hodge,alexandria22@hunt.biz,(207)748-6025x637,2024-08-01
686,Ann Vaughn,cohensamuel@yahoo.com,285.577.9748,2023-07-04
687,April Ward,mmiller@martinez.com,(576)829-9672x8241,2025-05-24
688,Lori Mason,bakeralison@yahoo.com,925.986.7241x95415,2024-06-07
689,Jeffrey Powell,zmassey@hotmail.com,001-257-655-5146,2023-12-16
690,Kathy Brown,wheelerbrooke@perez-garcia.org,153.058.6548,2023-04-24
691,Mary Hoffman,grodriguez@yahoo.com,251-869-7566x7175,2022-12-15
692,Robert Williams,zachary13@hotmail.com,001-934-749-5004x41850,2022-06-19
693,Jessica Lee,john63@yahoo.com,615.658.8793x40486,2024-12-29
694,Danielle Page,tinawells@boyd-johnson.com,1411826060,2024-01-28
695,Tanya Acosta,rhurst@hotmail.com,(705)742-0500x8000,2022-09-09
696,Brittany Case,bryanwilson@hotmail.com,+1-068-870-9090x423,2023-01-22
697,Nancy Bruce,michael45@walters.com,001-794-259-2202x139,2025-02-26
698,Rachel Johnson,stephanie35@hotmail.com,256.183.7015,2024-05-09
699,Karen Collins,shernandez@hotmail.com,984-847-1693x61756,2024-10-10
700,Miss Mallory Nichols,elizabeth55@johnson.info,0401733759,2022-10-22
